instance,id,content
Pawoo,0,"ぴょん吉/はるぶち 身軽な格好で行くのが一番なの分"
Pawoo,0,"さとさと コスプレしながらサークル参加し"
Pawoo,0,"きゃーやん 実は僕もなる #exp10m"
Pawoo,0,"SHIROYAGI 🎨 今日はミスドで新作ポンデリング"
Pawoo,0,"ラスリクル（隻） みょーん。"
Pawoo,0,"チカラクツシタ 乳長バンディクート wip"
Pawoo,0,"わー FINAL FANTASY X"
Pawoo,0,"柱ちぇる（ちゅうちぇる） "
Pawoo,0,"ラスリクル（隻） 眠くなって来たので、 眠くなっ"
Pawoo,0,"きゃーやん オリジナルっていっても大抵どっ"
Pawoo,0,"Hey, it's Nele! ""Not much going"
Pawoo,0,"DracoAcoAcoAco For those who f"
Pawoo,0,"さとさと 以前、星研アンソロジー出すなら"
Pawoo,0,"💗🦘💚 VTAの人力が無い世界、憎い"
Pawoo,0,"さとさと その時はサークル参加の申し込み"
Pawoo,0,"稲葉色@パウー泊地 思い出がまたひとつふえました "
Pawoo,0,"さめがめ おやすみ"
Pawoo,0,"柱ちぇる（ちゅうちぇる） "
Pawoo,0,"きゃーやん 名前つけるのはいまだににがてで"
Pawoo,0,"やみぃ ハイカラシティにある知らない看"
Pawoo,0,"しゃとら🔞🎨 🖊投稿記事を更新しました🖊"
Pawoo,0,"ぴょん吉/はるぶち https://retty.m"
Pawoo,0,"わー デジモンワールド -next "
Pawoo,0,"きゃーやん チャイニーちゃん！！"
Pawoo,0,"ぴょん吉/はるぶち 明日はせいぜい手帳くらいの身軽"
Pawoo,0,"理夜 バブ🍯と おおきなにゃんこと"
Pawoo,0,"💗🦘💚 世の中、最高 https://"
Pawoo,0,"ぴょん吉/はるぶち 在宅で引きこもりすぎててもう人"
Pawoo,0,"石尾うどん pawoo、気づいたら買収され"
Pawoo,0,"SHIROYAGI 🎨 桜もちっとドーナツのつぼみ(き"
Pawoo,0,"カルキ マンハッタンカフェさんお誕生日"
Pawoo,0,"カルキ 久しぶりにケーキ食べたけどあま"
Pawoo,0,"カルキ ケーキの名前に「カフェ」が入っ"
Pawoo,0,"💗🦘💚 にぶしでワルツ調の曲なの、セン"
Pawoo,0,"ぴょん吉/はるぶち もうニットは暑い時期……なの…"
Pawoo,0,"つき🎨🔞💦 うちの子復活？ | つき #p"
Pawoo,0,"FtMrErKw11 夏に焦がれて #shota #"
Pawoo,0,"Kerveros Zero [R-18] ヒカリ Myth"
Pawoo,0,"ぱうーのぎょに あくまでぎょに解釈の画なので！"
Pawoo,0,"Cuentas Filtradas Santander Nombre: IVAN Ap"
mstdn.jp,0,"文月 明日は久しぶりにこれやるかも"
mstdn.jp,0,"カスタードモチョチョのさしみ アーロンソンやっぱ上手いよねえ"
mstdn.jp,0,"こずみっくのいず #JORF 「 大人気 コーナ"
mstdn.jp,0,"ななめ いつもより早いけど寝ます"
mstdn.jp,0,"rog kiroku しっことうんちをしている"
mstdn.jp,0,"わー POP UP PARADE ホ"
mstdn.jp,0,"バイトリーダー わさらーキャス ↑ 誰向け？"
mstdn.jp,0,"ボッキシテルノ ダイタクヘリオス育ててきた"
mstdn.jp,0,"ヒビト 風下でタバコ吸うと呼んでもいな"
mstdn.jp,0,"SuperBall 本当に、つらかったね。"
mstdn.jp,0,"ゆーや おい全元素耐性お前はどこから出"
mstdn.jp,0,"おめめ🌀🌏 ねる民おやすみ"
mstdn.jp,0," それにしても、今回のビッグラン"
mstdn.jp,0,"猫耳キャスケット 間に合ったストロール"
mstdn.jp,0,"ヒビト 勿論もうタバコ辞めてるのでご安"
mstdn.jp,0,"こう@ほう 多摩動物公園オフ"
mstdn.jp,0,"ぞうきん なんとなく ここが空き部屋だっ"
mstdn.jp,0,"猫耳キャスケット アルボンPってことは諦めた？"
mstdn.jp,0,"ｱﾅﾄﾛ🍣 わさらーキャス、「マストドンの"
mstdn.jp,0,"ハルジオン RB以外は全員出たか"
mstdn.jp,0,"tomomo☃️ お粥がおいしかった。"
mstdn.jp,0,"バリトンくん みんな麺食ってる"
mstdn.jp,0,"あつか😆 クソ頑固キモオタなのでメンソ吸"
mstdn.jp,0,"ねっしぃ んにゃー！！"
mstdn.jp,0,"文月 ブロックしちゃってる気がする"
mstdn.jp,0,"𓊆࿆𓏶࿆𓊇むじるし＠ボンファイア卵焼き イタコ芸人、売れなかった1.7"
mstdn.jp,0,"冥土 「ンフェwwwwwww」って変"
mstdn.jp,0,"宮森 トルティーヤの皮温めたやつ程よ"
mstdn.jp,0,"文月 やりさー"
mstdn.jp,0,"ますべ メスガキの乳首責めASMR聴き"
mstdn.jp,0,"こう@ほう そういや人生初シシャ行ったけど"
mstdn.jp,0,"文月 わらさーか"
mstdn.jp,0,"ねっしぃ 聴いてるよ！！"
mstdn.jp,0,"えっへん-0kg 相手が健常者だったら態度変える"
mstdn.jp,0,"こずみっくのいず #JORF 「 先日スキー場の"
mstdn.jp,0,"バリトンくん Gかぁ……二次面接の案内お送り"
mstdn.jp,0,"Meow Moe 起きているようで寝ている子猫【"
mstdn.jp,0,"緑の＠ LTLを見てるとF1を見てる人"
mstdn.jp,0,"二倉 御影(ふくら みかけ) "
mstdn.jp,0,"前泊 これからはオフ会のときには乾杯"